District,Damaged
Idukki,9.065574078
Wayanad,2.911135889
Malappuram,8.206511625
Thrissur,5.779147258
Kottayam,10.94733578
Alappuzha,19.01545101
